name,phone,rating,address,category
Sankalp Clinic,+9108087594750,5.0,"¯âê
HRHH+F96, S.T.Road, near Swami Vevekanad School, Mantri Housing Society, Dapodi, Pune, Pimpri-Chinchwad, Maharashtra 411012",doctors in pune
"DR. YASH GENERAL PHYSICIAN CLINIC - MBBS MD MEDICINE, MD Physician in Baner, Pune",+9109529410674,4.9,"¯âê
2nd Floor, Amrutvilla, Roots Clinic, Baner - Balewadi Rd, near Prathamesh Park, Chakankar Mala, Prathamesh Park, Baner, Pune, Maharashtra 411069",doctors in pune
Dr. Satish,+9107821094354,4.9,"¯âê
OPD no.1, Unnamed Road, Ward No. 8, Aundh Gaon, Aundh, Pune, Maharashtra 411067",doctors in pune
The Internal Medicine Clinic. (Dr.Anuradha Subramaniam),+9109881156579,4.9,"¯âê
G-4 G K Plaza, Aundh Rd, Pune, Maharashtra 411020",doctors in pune
Dr Sayyad's Pro Health Clinic - best family Physician in dapodi,+9108999017100,5.0,"¯âê
Besides laxmi medical, S.t.workshop Rd, in front of ganesh mandir, Dapodi, Pimpri-Chinchwad, Maharashtra 411012",doctors in pune
"MBBS MD Medicine Doctor, Physician - Dr Yash Khanvilkar, Best Diabetologist in Pune, Thyroid & Diabetes Specialist Baner Pune",+9107588358076,4.8,"¯âê
Baner - Balewadi Rd, near Ganesh Datta Mandir, Balewadi Phata, Prathamesh Park, Baner, Pune, Maharashtra 411069",doctors in pune
Mauli Clinic,+9108208494378,4.9,"¯âê
Laxminagar Rd, opposite to Shitole Gardan, Shinde Nagar, Mulanagar, Old Sangvi, Pune, Pimpri-Chinchwad, Maharashtra 411027",doctors in pune
Sanjeev ,8037091588,5.0,"Baner Pune",insurance agents
Dr. Suresh Dange- General Physician in Pune,+9109422031544,5.0,"¯âê
Best General Physician, Dr. Suresh Dange Dhanashree Hospital, Samarth Nagar, New Sangavi, Pimpri-Chinchwad, Maharashtra 411061",doctors in pune
Dr. Gaikwad Clinic | General Physician in Aundh,+9108484843993,5.0,"¯âê
Ground Floor, Sadafuli Park, Flat No 10, New DP Rd, behind Persona Furnishing, Shambhu Vihar Society, Aundh, Pune, Maharashtra 411067",doctors in pune
Shree Gurukrupa Clinic,+9109422320365,4.8,"¯âê
Krushna Chowk, Asha shankar plaza, Shree Nagar Ln 1, near siddhi lab, Vidya Nagar, Pimple Gurav, Pune, Pimpri-Chinchwad, Maharashtra 411061",doctors in pune
Dr. Suraaj Gadiwadd MD PHYSICIAN,+9109371710257,4.6,"¯âê
shop 101 1st floor, sonigara landmark complex, Chatrapati Chowk Rd, Dynasty Society, Vishnu Dev Nagar, Wakad, Pune, Pimpri-Chinchwad, Maharashtra 411057",doctors in pune
Central Pune Doctor House | Near me in Bund Garden Pune | Multispeciality Clinic Near Me Ghorpadi Pune,+9109090204747,4.9,"¯âê
G1B, The Metropole, Central Pune Doctor House, Bund Garden Rd, next to Inox theatre, Pune, Maharashtra 411001",doctors in pune
Sun Interiors,N/A,4.9,"¯âê
above The New Poona Bakery, Office No. 201, Highway Heights, above The New Poona Bakery, Bypass Highway, Warje, Pune, Maharashtra 411058",architects in pune
World of Architecture ÔÇô Best Architects in Pune,+9107949293594,5.0,"¯âê
kh, Blue hill society, 104, NDA Pashan Rd, Shri Krishna Nagar, Sagar Co-Operative Housing Society, Bavdhan, Pune, Maharashtra 411021",architects in pune
Shitesh Agrawal Architects,+9102025666366,4.7,"¯âê
Artisans House, lane, Gokhale Rd, beside SKY ONE, Model Colony, Shivajinagar, Pune, Maharashtra 411016",architects in pune
A Square Architects,+9109767533962,5.0,"¯âê
Office No.115, S, At Ventila Park, A Square Architects, 156/3, Ganesh Nagar Rd, Ganesh Nagar, Bopkhel, Pimpri-Chinchwad, Maharashtra 411031",architects in pune
The Design Degree Architecture,N/A,4.9,"¯âê
502, Ashish Apartment, Law College Rd, near Kollage Hotel, Shanti Sheela Society, Erandwane, Pune, Maharashtra 411038",architects in pune
Aakriti Architects,+9109503614486,4.8,"¯âê
Office No. 3 , 'Sonchafa', Wakad-Hinjewadi Road, Kasturi Chowk, 57, opposite Draupada Lawns, Wakad, Pune, Maharashtra 411057",architects in pune
Artel Studios,+9109403893734,4.5,"¯âê
Artel Studios, 55/2, Ganeshkhindh Road, Jagdishnagar, Sadhu Vasvani Nagar, Aundh, Pune, Maharashtra 411007",architects in pune
SOUL Architectural Studio.,+9109730082222,4.9,"¯âê
Sai Ankoor, B- 302, next to F Residences, Balewadi, Pune, Maharashtra 411045",architects in pune
P G Architects,+9107387167775,4.8,"¯âê
403, Chandrarang Silver, 91/2, Pimple Gurav Rd, Kashid Park, Prabhat Nagar, Pimple Gurav, Pune, Pimpri-Chinchwad, Maharashtra 411061",architects in pune
Architects in Pune Dhiraj Bhumkar Architects Top Architect in Pune Baner Balewadi,+9109527331665,4.9,"¯âê
Office 307 ALTUS Building ,SR No 23 Next to Balewadi High Street , Laxman Nagar, BANER, Balewadi, Pune, Maharashtra 411045",architects in pune
VK:a architecture,+9102066268888,4.5,"¯âê
3rd floor, Mutha Chambers, ll, Chattushringi, Gokhalenagar, Pune, Maharashtra 411016",architects in pune
TAO ARCHITECTURE PVT. LTD.,+9107447719344,4.7,"¯âê
A/2, FRIENDS ENCLAVE SOCIETY PART - 2, WEST BLOCK, opp. Sai Hira Apartments, COMPLEX, Mundhwa, Pune, Maharashtra 411036",architects in pune
Prashant Limaye Engineers & Contractors,+9107276212393,4.9,"¯âê
Datta Prasad Society, 211/2 Sadashiv peth, Near, Tilak Rd, vaachnalay, Pune, Maharashtra 411030",civil engineers in pune
Arya Engineers & Contractors Pvt. Ltd.,+9102041423101,4.3,"¯âê
S.No. 162, SR Chambers, 301, Third Floor, 4/5, Nagras Rd, Above Janaseva Bank, Aundh, Pune, Maharashtra 411067",civil engineers in pune
Civil Engineering IIT Pune,+9109112078538,4.7,"¯âê
3rd floor, trios symphony IT park, Nanded City Sinhgad Rd, Fule Market, Nanded Fata, Pandurang Industrial Area, Nanded, Pune, Maharashtra 411068",civil engineers in pune
Civil & Structural Engineering Pvt .Ltd.,+9102060200022,4.6,"¯âê
Plot No:03/202, Ambika Society, S B Road,Chaturshrungi, Pune, Maharashtra 411016",civil engineers in pune
Kashec Engineers Pvt Ltd,+9102066472235,4.4,"¯âê
Baner Biz Bay, 2nd Floor, Baner Biz Bay, Baner, Pune, near Croma showroom, Laxman Nagar, Baner, Pune, Maharashtra 411045",civil engineers in pune
S.T.Biradar Engineers & Contractors Private Limited,N/A,4.8,"¯âê
Bremen Business Centre, near CITY INTERNATIONAL SCHOOL AUNDH, opp. PMRDA, Phase 1, Siddarth Nagar Society, Aundh, Pune, Maharashtra 411067",civil engineers in pune
Millennium Engineers & Contractors Limited,+9102066865858,4.5,"¯âê
5th Floor, Elite Transbay, 501-504, Balewadi Rd, Opposite S.K.P. Campus, Near Mitcon Road, Balewadi, Pune, Maharashtra 411045",civil engineers in pune
Engineer Constructionwala,+9109067050909,4.8,"¯âê
Office - 403, Sanskruti House, Bengaluru - Mumbai Hwy, near Maruti Suzuki Showroom, Bhumkar Nagar, Wakad, Pune, Pimpri-Chinchwad, Maharashtra 411057",civil engineers in pune
Civil contracts all type of building and renovation work with material,+9108793322435,5.0,"¯âê
Lane No. 1, Mamta Nagar, Old Sangvi, Pimpri-Chinchwad, Maharashtra 411027",civil engineers in pune
Bansode Civil Engineer Pvt. Ltd,+9109822173891,4.0,"¯âê
Mega Center, Office L-110, behind Noble Hospital, Hadapsar, Pune, Maharashtra 411013",civil engineers in pune
"J P. engineers .Renovation ,waterproofing.Interior contractors.Civil contractors.Bluecon Painting contractors",N/A,4.9,"¯âê
Amba vatika, NIBM Rd, Kondhwa, Pune, Maharashtra 411048",civil engineers in pune
Laxmi Civil Engineering Services,+9102024217538,4.7,"¯âê
S.No. 4711 Plot, Flat No.502, 5th Floor, A.J Residency, near Chougule Showroom, Taware Colony, Pune, Maharashtra 411009",civil engineers in pune
INTERIO SPACE | Best Interior Designers in Pune,+9108421783949,4.8,"¯âê
Office No 1, Chondhe Patil Sports Zone, Chondhe Patil Nagar Rd, next to Prism Society, near ROHAN NILAY SOCIETY, Rohan Nilay, Aundh, Pune, Maharashtra 411067",interior designers in pune
XCLUSIVE INTERIORS PVT LTD,+9102027206095,4.7,"¯âê
Vision Galleria, 207/208, Kunal Icon Rd, Pimple Saudagar, Pune, Pimpri-Chinchwad, Maharashtra 411027",interior designers in pune
Home Story Interior Pvt. Ltd.,+9108007888881,4.6,"¯âê
Office No. 407, 4th Floor, Sunit Capital, Senapati Bapat Rd, Wadarvadi, Pune, Maharashtra 411016",interior designers in pune
Misraas Realty Interior Design studio | Best Interior designers in Pune | Home & office interior designer,+9109988581582,4.8,"¯âê
Metropolis lane opposit, Share circuit house hotel, to, Balewadi High St, near Ojas, Laxman Nagar, Baner, Pune, Maharashtra 411045",interior designers in pune
Kams Designer Zone | Interior Designers in Pune,+9102071177198,4.8,"¯âê
Shop No. 6, S.No.33/3, Arun Park Rd, near Aditya Birla Hospital Marg, Datta Nagar, Thergaon, Pimpri-Chinchwad, Maharashtra 411033",interior designers in pune
Ganraj Interior Designer Pune - Interior Designer in Pimpri Chinchwad,+9109372412006,5.0,"¯âê
1st Floor, Swami Building, near Mayur Medical, Keshav Nagar, Shastri Nagar, Kasarwadi, Pimpri-Chinchwad, Maharashtra 411034",interior designers in pune
"Livspace - Interior Design Studio, Baner",+9108047759150,4.7,"¯âê
Shop No. 10, Balewadi High St, Baner, Pune, Maharashtra 411045",interior designers in pune
Pune pop designer,+9109792184209,5.0,"¯âê
Akordi khandhoba mandir, Dapodi, Pimpri-Chinchwad, Maharashtra 411012",interior designers in pune
Ogling Inches Design Architects | Best Interior designers in Pune,N/A,4.8,"¯âê
Brentwood Business Centre, 202, Pallod Farms Rd, near Indigo Paints, Shambhu Vihar Society, Pallod Farms II, Nankude Vasti, Aundh, Pune, Maharashtra 411069",interior designers in pune
LIFE2HOME | Best Interior Designers in Pune and PCMC,+9102071177002,4.9,"¯âê
Shop no 6, LIF2HOME PVT LTD , C/o Kams Designer Zone, Arun Park, Near, Aditya Birla Hospital Marg, Thergaon, Pimpri-Chinchwad, Maharashtra 411033",interior designers in pune
Unique Interiors,+9109975777921,4.9,"¯âê
9th Floor, Sadanand Business Center, 91 Springboard, near orchard hotel, Baner, Pune, Maharashtra 411045",interior designers in pune
"Decorpot - Interior Designers in pune, Viman Nagar",+9109108602000,4.6,"¯âê
No. 10, Arena Building, Sakore Nagar, Viman Nagar, Pune, Maharashtra 411014",interior designers in pune
